{
  "config": {
    "m": 2.0,
    "p": 2.0,
    "a": 1.0,
    "b": 1.0,
    "beta": 0.5,
    "sigma": 0.26,
    "max_iter": 80,
    "tol": 1e-05
  },
  "main_average": {
    "FCM": 0.7481553819444443,
    "PFCM": 0.6838107638888888,
    "KPFCM": 0.6288700810185185,
    "C-PFCM": 0.7683376736111112,
    "C-KPFCM": 0.7699291087962963
  },
  "gaussian_noise": {
    "FCM": [
      0.670681423611111,
      0.7263816550925926,
      0.6434461805555556,
      0.555953414351852
    ],
    "PFCM": [
      0.665798611111111,
      0.5420283564814815,
      0.5275607638888888,
      0.5169994212962964
    ],
    "C-KPFCM": [
      0.6939380787037037,
      0.7350622106481483,
      0.6443865740740741,
      0.5453920717592592
    ]
  },
  "salt_pepper_noise": {
    "FCM": [
      0.7515190972222223,
      0.7474320023148149,
      0.7300708912037037,
      0.6970124421296298
    ],
    "PFCM": [
      0.706741898148148,
      0.7048249421296297,
      0.6669921875,
      0.635452835648148
    ],
    "C-KPFCM": [
      0.763671875,
      0.7515190972222223,
      0.7409577546296297,
      0.7279007523148149
    ]
  },
  "combined_noise_landscape": {
    "FCM": [
      [
        0.7465,
        0.7207,
        0.612,
        0.5433
      ],
      [
        0.7454,
        0.7234,
        0.6156,
        0.5403
      ],
      [
        0.7316,
        0.6984,
        0.61,
        0.536
      ],
      [
        0.6903,
        0.6686,
        0.6015,
        0.5314
      ]
    ],
    "PFCM": [
      [
        0.6777,
        0.5479,
        0.5289,
        0.5171
      ],
      [
        0.6492,
        0.5513,
        0.5311,
        0.519
      ],
      [
        0.6062,
        0.551,
        0.5307,
        0.5188
      ],
      [
        0.6162,
        0.5422,
        0.5273,
        0.5165
      ]
    ],
    "C-KPFCM": [
      [
        0.7624,
        0.7345,
        0.6075,
        0.5232
      ],
      [
        0.7509,
        0.7233,
        0.6346,
        0.5174
      ],
      [
        0.7401,
        0.7138,
        0.6261,
        0.5135
      ],
      [
        0.7263,
        0.7,
        0.6166,
        0.5175
      ]
    ]
  },
  "stress_scenarios": {
    "Clean": {
      "FCM": "0.7485",
      "PFCM": "0.6838",
      "C-KPFCM": "0.7699"
    },
    "Mixed noise": {
      "FCM": "0.6678",
      "PFCM": "0.5414",
      "C-KPFCM": "0.6568"
    },
    "Illum. drift": {
      "FCM": "0.6174",
      "PFCM": "0.5351",
      "C-KPFCM": "0.5690"
    },
    "Occ. clutter": {
      "FCM": "0.4572",
      "PFCM": "0.4391",
      "C-KPFCM": "0.4488"
    },
    "Severe compound": {
      "FCM": "0.4820",
      "PFCM": "0.4757",
      "C-KPFCM": "0.4631"
    }
  },
  "beta_sensitivity": [
    0.7699291087962963,
    0.7697120949074074,
    0.7640335648148149,
    0.7064163773148149,
    0.6813874421296297
  ],
  "sigma_sensitivity": [
    0.7439236111111112,
    0.7766203703703703,
    0.7715205439814814,
    0.7699291087962963,
    0.7692780671296297
  ],
  "m_sensitivity": [
    0.765625,
    0.7699291087962963,
    0.7663845486111112,
    0.7652633101851851
  ],
  "runtime_stability": {
    "FCM": {
      "sa_mean": "0.7408",
      "sa_std": "0.0530",
      "iter_mean": "46.60",
      "time_mean_s": "0.0533"
    },
    "PFCM": {
      "sa_mean": "0.6837",
      "sa_std": "0.0871",
      "iter_mean": "35.23",
      "time_mean_s": "0.0675"
    },
    "C-KPFCM": {
      "sa_mean": "0.7625",
      "sa_std": "0.0645",
      "iter_mean": "33.00",
      "time_mean_s": "0.0713"
    }
  }
}